,Mammal,Bird,Reptile,Fish,Amphibian,Bug,Invertebrate
0,0.0,1.6182488189397821,2.3208922766901527,2.270804542447456,2.6852305804157677,2.0647399424624884,2.577852751807209
1,1.6182488189397821,0.0,1.8637627209492094,1.6480642614898244,1.7587426787338734,1.7647401876763618,2.049204326073903
2,2.3208922766901527,1.8637627209492094,0.0,2.46125161452461,2.632713336085036,2.70558907633809,1.124711718619487
3,2.270804542447456,1.6480642614898244,2.46125161452461,0.0,1.9150718002205558,2.3221179212089984,2.4408142125118824
4,2.6852305804157677,1.7587426787338734,2.632713336085036,1.9150718002205558,0.0,1.7621128340716437,2.4347882905911966
5,2.0647399424624884,1.7647401876763618,2.70558907633809,2.3221179212089984,1.7621128340716437,0.0,2.9853274560757987
6,2.577852751807209,2.049204326073903,1.124711718619487,2.4408142125118824,2.4347882905911966,2.9853274560757987,0.0
