Class_Type,Mammal,Bird,Reptile,Fish,Amphibian,Bug,Invertebrate
Mammal,0.0,2.4395468613840743,1.072914313781186,1.9259445497384318,2.6337692311232943,2.7125686402592493,2.378577464467242
Bird,2.4395468613840743,0.0,2.375764586320478,1.7586126830285982,1.88416843805108,2.2985209801403,2.2686571513632563
Reptile,1.072914313781186,2.375764586320478,0.0,2.063251359587461,2.432591211034028,2.9560060789476585,2.5846125228921886
Fish,1.9259445497384318,1.7586126830285982,2.063251359587461,0.0,1.9109496055787887,1.759401598450703,1.6119497239320077
Amphibian,2.6337692311232943,1.88416843805108,2.432591211034028,1.9109496055787887,0.0,1.7621335919612813,2.7094618343783075
Bug,2.7125686402592493,2.2985209801403,2.9560060789476585,1.759401598450703,1.7621335919612813,0.0,2.1025446088648474
Invertebrate,2.378577464467242,2.2686571513632563,2.5846125228921886,1.6119497239320077,2.7094618343783075,2.1025446088648474,0.0
